,0,1,2,3,4,5,6,7,8,9,10,11,12,13,14,15,16,17,18,19,20,21,22,23,24,25,26,27,28,29,30,31,32,33,34,35,36,37,38,39,40,41,42,43,44,45,46,47,48,49,50,51,52,53,54,55,56,57,58,59,60,61,62,63,64,65,66,67
0,0.005020032162999253,0.00520023400782687,0.005430926286993682,0.005718167873985584,0.00606971716868118,0.006495375372268075,0.007007431863578432,0.007621238725203914,0.008355949927434471,0.009235471587562548,0.010289683766094241,0.011556012237520388,0.013081451441836105,0.014925168170628346,0.0171618498787944,0.019886001263737893,0.02321743519362934,0.02730824220580337,0.032351541680665945,0.03859228831531345,0.04634027664660509,0.05598516308921083,0.06801266312297123,0.08301986672229553,0.10172557875592382,0.12496849810510603,0.1536819571419319,0.18882974807759342,0.23128585838297913,0.2816467642822833,0.339984980903077,0.40559037584824453,0.47679189333569777,0.5509763163361995,0.6248817579141338,0.5509763163361995,0.47679189333569777,0.40559037584824453,0.339984980903077,0.2816467642822833,0.23128585838297913,0.18882974807759342,0.1536819571419319,0.12496849810510603,0.10172557875592382,0.08301986672229553,0.06801266312297123,0.05598516308921083,0.04634027664660509,0.03859228831531345,0.032351541680665945,0.02730824220580337,0.02321743519362934,0.019886001263737893,0.0171618498787944,0.014925168170628346,0.013081451441836105,0.011556012237520388,0.010289683766094241,0.009235471587562548,0.008355949927434471,0.007621238725203914,0.007007431863578432,0.006495375372268075,0.00606971716868118,0.005718167873985584,0.005430926286993682,0.00520023400782687
1,0.005683905627823054,0.0058882541011777605,0.006149828887259176,0.0064755119615873885,0.006874116095393743,0.007356776078334099,0.007937456539683117,0.008633607444635032,0.009467008140183848,0.010464853517539252,0.011661152294619287,0.013098528631976643,0.014830545471361308,0.016924702407178884,0.01946630373948459,0.02256344428204781,0.026353420961496444,0.031010944333478726,0.036758589086354584,0.04387997470812304,0.05273619271669414,0.06378599538981945,0.07761030938611255,0.09494209255728997,0.11670469740370944,0.14407008444034702,0.17857755314364146,0.22246209774045256,0.2797889336360051,0.3610960807808034,0.4985704977946484,0.6722112527034995,0.7685694523995724,0.8208689380672839,0.8433239301172035,0.8208689380672839,0.7685694523995724,0.6722112527034995,0.4985704977946484,0.3610960807808034,0.2797889336360051,0.22246209774045256,0.17857755314364146,0.14407008444034702,0.11670469740370944,0.09494209255728997,0.07761030938611255,0.06378599538981945,0.05273619271669414,0.04387997470812304,0.036758589086354584,0.031010944333478726,0.026353420961496444,0.02256344428204781,0.01946630373948459,0.016924702407178884,0.014830545471361308,0.013098528631976643,0.011661152294619287,0.010464853517539252,0.009467008140183848,0.008633607444635032,0.007937456539683117,0.007356776078334099,0.006874116095393743,0.0064755119615873885,0.006149828887259176,0.0058882541011777605
2,0.006390811166902571,0.006618620051101898,0.006910458179399552,0.007273964734413082,0.00771892274426293,0.008257689749075784,0.008905756273289111,0.009682465738203534,0.010611939909359413,0.01172426743584909,0.013057030339145315,0.01465726542751943,0.016583985628938595,0.01891142120792404,0.02173318353100884,0.025167604458300106,0.02936456092386157,0.034514152282756574,0.04085764856587846,0.04870115668679127,0.058432442959179376,0.07054130458587589,0.08564387848645508,0.10451164777707796,0.1281077294450492,0.15763935683141633,0.19465419316524837,0.24125553090054017,0.3005842064214993,0.3773930642527591,0.4747586363881146,0.5782781132861609,0.6610071144169816,0.7141339396891194,0.7362693911133531,0.7141339396891194,0.6610071144169816,0.5782781132861609,0.4747586363881146,0.3773930642527591,0.3005842064214993,0.24125553090054017,0.19465419316524837,0.15763935683141633,0.1281077294450492,0.10451164777707796,0.08564387848645508,0.07054130458587589,0.058432442959179376,0.04870115668679127,0.04085764856587846,0.034514152282756574,0.02936456092386157,0.025167604458300106,0.02173318353100884,0.01891142120792404,0.016583985628938595,0.01465726542751943,0.013057030339145315,0.01172426743584909,0.010611939909359413,0.009682465738203534,0.008905756273289111,0.008257689749075784,0.00771892274426293,0.007273964734413082,0.006910458179399552,0.006618620051101898
3,0.007135945993475303,0.007385590425322948,0.0077059673785169905,0.008105363923962414,0.00859439431240354,0.00918645796901966,0.009898332015865324,0.010750932614160234,0.011770289705906142,0.012988792736329238,0.014446781279119367,0.016194574794135806,0.018295060524590716,0.020826987901367684,0.023889151004533822,0.02760567514766268,0.03213265387150526,0.03766639759904452,0.04445353552275371,0.05280312648797721,0.06310073662279718,0.07582407408754696,0.09155918686137271,0.11101544492676561,0.13503671826009714,0.16460563636533046,0.20083687010890658,0.24494520231544203,0.2981075738503133,0.3608635028266107,0.43123309154210754,0.5021714170291494,0.563302326897236,0.6061946352137613,0.6257657570066792,0.6061946352137613,0.563302326897236,0.5021714170291494,0.43123309154210754,0.3608635028266107,0.2981075738503133,0.24494520231544203,0.20083687010890658,0.16460563636533046,0.13503671826009714,0.11101544492676561,0.09155918686137271,0.07582407408754696,0.06310073662279718,0.05280312648797721,0.04445353552275371,0.03766639759904452,0.03213265387150526,0.02760567514766268,0.023889151004533822,0.020826987901367684,0.018295060524590716,0.016194574794135806,0.014446781279119367,0.012988792736329238,0.011770289705906142,0.010750932614160234,0.009898332015865324,0.00918645796901966,0.00859439431240354,0.008105363923962414,0.0077059673785169905,0.007385590425322948
4,0.007913489590705541,0.008182349996954294,0.008528378686791497,0.008960360545824502,0.009489551462815658,0.010130148821566813,0.010899898033548606,0.011820867988158094,0.012920437566628348,0.014232546697926373,0.015799279085078905,0.017672859751499143,0.01991816855854705,0.02261588956326872,0.025866432644321664,0.02979477252246615,0.03455634067488942,0.040344059532490026,0.04739649577292144,0.056006883478982715,0.06653235924929483,0.07940206657540802,0.09512171473949098,0.11427060947512414,0.13748502245779606,0.1654188908432492,0.19866851512556824,0.23763926250340806,0.2823128498558466,0.3318488154803431,0.3840178622791924,0.43482061406557293,0.47895707472456556,0.5111066914179555,0.5273025150922714,0.5111066914179555,0.47895707472456556,0.43482061406557293,0.3840178622791924,0.3318488154803431,0.2823128498558466,0.23763926250340806,0.19866851512556824,0.1654188908432492,0.13748502245779606,0.11427060947512414,0.09512171473949098,0.07940206657540802,0.06653235924929483,0.056006883478982715,0.04739649577292144,0.040344059532490026,0.03455634067488942,0.02979477252246615,0.025866432644321664,0.02261588956326872,0.01991816855854705,0.017672859751499143,0.015799279085078905,0.014232546697926373,0.012920437566628348,0.011820867988158094,0.010899898033548606,0.010130148821566813,0.009489551462815658,0.008960360545824502,0.008528378686791497,0.008182349996954294
5,0.00871677841694186,0.00900123135986151,0.009368863676298833,0.009828773399658364,0.01039262689538838,0.011075125577267931,0.01189460484439213,0.01287379475224497,0.014040779479599115,0.015430201364836632,0.017084764974180853,0.019057106732754705,0.021412104757569283,0.02422970905245399,0.027608369373526637,0.03166911856392157,0.03656031922363317,0.042462979266742834,0.04959635376759584,0.058223228482375315,0.06865376143972694,0.08124597205164855,0.096399858185194,0.11454071049239069,0.13608567976284497,0.16138657159213235,0.19064221727297256,0.2237771410104243,0.26029143885792083,0.29910157423692235,0.3384145823767504,0.3757075839755684,0.40790917550311134,0.4318720508997242,0.44512886802033963,0.4318720508997242,0.40790917550311134,0.3757075839755684,0.3384145823767504,0.29910157423692235,0.26029143885792083,0.2237771410104243,0.19064221727297256,0.16138657159213235,0.13608567976284497,0.11454071049239069,0.096399858185194,0.08124597205164855,0.06865376143972694,0.058223228482375315,0.04959635376759584,0.042462979266742834,0.03656031922363317,0.03166911856392157,0.027608369373526637,0.02422970905245399,0.021412104757569283,0.019057106732754705,0.017084764974180853,0.015430201364836632,0.014040779479599115,0.01287379475224497,0.01189460484439213,0.011075125577267931,0.01039262689538838,0.009828773399658364,0.009368863676298833,0.00900123135986151
6,0.00953852387798423,0.009833982339759215,0.01021807138204461,0.010699991993474661,0.01129156091932069,0.012007657338726555,0.012866793100743951,0.013891831113475748,0.01511088186683294,0.016558413635230237,0.018276617054141752,0.020317068333362144,0.02274273527493584,0.025630362941736547,0.029073255418100036,0.033184427335821776,0.03810001955764236,0.04398273705405511,0.05102484564463218,0.05944992389898607,0.06951207410270344,0.08149063907863786,0.09567769899660494,0.11235492077440629,0.1317561380842157,0.15401314313189016,0.1790856525748879,0.20668299618668337,0.23619338127590359,0.2666409480797989,0.29668433727885096,0.3246606807626933,0.34869505436995163,0.3669329878568422,0.37791963894215996,0.3669329878568422,0.34869505436995163,0.3246606807626933,0.29668433727885096,0.2666409480797989,0.23619338127590359,0.20668299618668337,0.1790856525748879,0.15401314313189016,0.1317561380842157,0.11235492077440629,0.09567769899660494,0.08149063907863786,0.06951207410270344,0.05944992389898607,0.05102484564463218,0.04398273705405511,0.03810001955764236,0.033184427335821776,0.029073255418100036,0.025630362941736547,0.02274273527493584,0.020317068333362144,0.018276617054141752,0.016558413635230237,0.01511088186683294,0.013891831113475748,0.012866793100743951,0.012007657338726555,0.01129156091932069,0.010699991993474661,0.01021807138204461,0.009833982339759215
7,0.01037105946857004,0.010672060884648232,0.011066480341572666,0.011563397071869794,0.012174504043292664,0.01291451974579445,0.013801711041180742,0.014858545770966394,0.0161124969152261,0.01759702247037742,0.019352745971160306,0.021428860206804314,0.02388476871418759,0.026791962214668872,0.030236094453023426,0.0343191653917388,0.03916162766636882,0.04490408961730494,0.05170807838485696,0.05975503615998944,0.06924235357455405,0.08037483655028373,0.09334967381148113,0.10833296751832247,0.12542662348552075,0.14462640285431005,0.16577556039480015,0.18852314505386888,0.21229918143975346,0.2363164232627602,0.2595990804972387,0.28103248626132715,0.29943895825264755,0.31370424717147516,0.3229620500297218,0.31370424717147516,0.29943895825264755,0.28103248626132715,0.2595990804972387,0.2363164232627602,0.21229918143975346,0.18852314505386888,0.16577556039480015,0.14462640285431005,0.12542662348552075,0.10833296751832247,0.09334967381148113,0.08037483655028373,0.06924235357455405,0.05975503615998944,0.05170807838485696,0.04490408961730494,0.03916162766636882,0.0343191653917388,0.030236094453023426,0.026791962214668872,0.02388476871418759,0.021428860206804314,0.019352745971160306,0.01759702247037742,0.0161124969152261,0.014858545770966394,0.013801711041180742,0.01291451974579445,0.012174504043292664,0.011563397071869794,0.011066480341572666,0.010672060884648232
8,0.011206601065301015,0.011506937431396675,0.011904749631674344,0.01240876767387124,0.013030287963039735,0.013783537908124536,0.014686136602781211,0.01575966404047922,0.017030352302904433,0.018529911725189422,0.020296502155345276,0.022375852474839083,0.024822518103812655,0.027701242749434394,0.031088352256950186,0.035073048637962755,0.03975838343976011,0.045261563762840636,0.05171307664541705,0.0592539129524344,0.06802995627736404,0.07818244090778625,0.08983340229967339,0.10306544621573752,0.1178962016987219,0.1342496779648855,0.15192923526658594,0.17059905746913276,0.18978104868628598,0.20887034200399918,0.22716643773686027,0.2439143429770331,0.258356065347249,0.2698005207199065,0.2777124043237076,0.2698005207199065,0.258356065347249,0.2439143429770331,0.22716643773686027,0.20887034200399918,0.18978104868628598,0.17059905746913276,0.15192923526658594,0.1342496779648855,0.1178962016987219,0.10306544621573752,0.08983340229967339,0.07818244090778625,0.06802995627736404,0.0592539129524344,0.05171307664541705,0.045261563762840636,0.03975838343976011,0.035073048637962755,0.031088352256950186,0.027701242749434394,0.024822518103812655,0.022375852474839083,0.020296502155345276,0.018529911725189422,0.017030352302904433,0.01575966404047922,0.014686136602781211,0.013783537908124536,0.013030287963039735,0.01240876767387124,0.011904749631674344,0.011506937431396675
9,0.012037504100255286,0.0123303852128353,0.012724045542433123,0.01322664695243817,0.013848832226814906,0.014604033520143812,0.015508860858079499,0.016583577171698997,0.017852665604878706,0.01934549225687654,0.021097062092398852,0.02314885598556803,0.025549720687447954,0.028356758147736114,0.03163612261070751,0.03546357933369986,0.03992460408649817,0.045113706356335985,0.05113254550552321,0.058086293327491274,0.06607761332313494,0.07519764032077875,0.08551355187822521,0.09705284650741224,0.10978537843099792,0.12360550353147721,0.13831802704330826,0.1536322666651061,0.16916752600671972,0.18447031725795346,0.19904020620630128,0.21236012513995986,0.2239298608020844,0.2333046289435239,0.2401380034992532,0.2333046289435239,0.2239298608020844,0.21236012513995986,0.19904020620630128,0.18447031725795346,0.16916752600671972,0.1536322666651061,0.13831802704330826,0.12360550353147721,0.10978537843099792,0.09705284650741224,0.08551355187822521,0.07519764032077875,0.06607761332313494,0.058086293327491274,0.05113254550552321,0.045113706356335985,0.03992460408649817,0.03546357933369986,0.03163612261070751,0.028356758147736114,0.025549720687447954,0.02314885598556803,0.021097062092398852,0.01934549225687654,0.017852665604878706,0.016583577171698997,0.015508860858079499,0.014604033520143812,0.013848832226814906,0.01322664695243817,0.012724045542433123,0.0123303852128353
10,0.012856502665774427,0.013134741361019471,0.013516324444763547,0.014008645063065362,0.014621462976626108,0.015367151491824514,0.016261008747728223,0.017321634586658093,0.018571372285752903,0.020036810500957174,0.021749333989537618,0.02374570083564171,0.026068607465610596,0.02876717886379248,0.031897288134869216,0.035521565328745515,0.039708900024245736,0.04453317842408925,0.05007093235409031,0.05639753291832667,0.0635815677130459,0.07167714543050119,0.08071413457877201,0.09068681464399973,0.1015420973818558,0.11316924428478019,0.12539356835457896,0.1379765218952465,0.15062347551274075,0.162998535850794,0.17474389838843535,0.18550083006962684,0.19493077869607753,0.20273668424197344,0.20868401720201638,0.20273668424197344,0.19493077869607753,0.18550083006962684,0.17474389838843535,0.162998535850794,0.15062347551274075,0.1379765218952465,0.12539356835457896,0.11316924428478019,0.1015420973818558,0.09068681464399973,0.08071413457877201,0.07167714543050119,0.0635815677130459,0.05639753291832667,0.05007093235409031,0.04453317842408925,0.039708900024245736,0.035521565328745515,0.031897288134869216,0.02876717886379248,0.026068607465610596,0.02374570083564171,0.021749333989537618,0.020036810500957174,0.018571372285752903,0.017321634586658093,0.016261008747728223,0.015367151491824514,0.014621462976626108,0.014008645063065362,0.013516324444763547,0.013134741361019471
11,0.013656918196823591,0.013913125494365212,0.014274557900454569,0.014747665140136751,0.015341130815097746,0.01606605593903595,0.01693619257929623,0.0179682245805057,0.019182089728276154,0.02060133320103939,0.02225347507849333,0.024170364181828493,0.026388475645833225,0.02894908940355457,0.03189826052547426,0.03528646023807433,0.03916773029376404,0.04359815805375496,0.04863345484669411,0.05432542217120289,0.060717142968011305,0.06783686793983233,0.07569080678542243,0.0842553884213078,0.09346998262553302,0.10323146165538276,0.11339212663432902,0.12376221015256796,0.13411730062500515,0.14420983326535466,0.15378282265263762,0.16258387381758918,0.1703782680759858,0.17696084735673007,0.1821665928789337,0.17696084735673007,0.1703782680759858,0.16258387381758918,0.15378282265263762,0.14420983326535466,0.13411730062500515,0.12376221015256796,0.11339212663432902,0.10323146165538276,0.09346998262553302,0.0842553884213078,0.07569080678542243,0.06783686793983233,0.060717142968011305,0.05432542217120289,0.04863345484669411,0.04359815805375496,0.03916773029376404,0.03528646023807433,0.03189826052547426,0.02894908940355457,0.026388475645833225,0.024170364181828493,0.02225347507849333,0.02060133320103939,0.019182089728276154,0.0179682245805057,0.01693619257929623,0.01606605593903595,0.015341130815097746,0.014747665140136751,0.014274557900454569,0.013913125494365212
12,0.014432828813740365,0.014659607126503212,0.014992892255967557,0.015438046509072236,0.016002525371167045,0.016695998788474418,0.01753051052956011,0.01852066945636812,0.019683863728865623,0.021040484505260568,0.02261413912921106,0.024431824615818293,0.026524019993027812,0.02892464045379016,0.031670777536078144,0.03480212881398131,0.03836000058040081,0.04238575287044461,0.046918556305625685,0.05199235669652602,0.05763201104443038,0.06384868197856232,0.07063476348940001,0.07795884641364592,0.08576147181048988,0.09395257799616262,0.10241150927130638,0.11099012927745418,0.11951897831667253,0.12781570718296678,0.1356945215587716,0.14297535224897845,0.14949192535127145,0.15509850606475972,0.15967541788533868,0.15509850606475972,0.14949192535127145,0.14297535224897845,0.1356945215587716,0.12781570718296678,0.11951897831667253,0.11099012927745418,0.10241150927130638,0.09395257799616262,0.08576147181048988,0.07795884641364592,0.07063476348940001,0.06384868197856232,0.05763201104443038,0.05199235669652602,0.046918556305625685,0.04238575287044461,0.03836000058040081,0.03480212881398131,0.031670777536078144,0.02892464045379016,0.026524019993027812,0.024431824615818293,0.02261413912921106,0.021040484505260568,0.019683863728865623,0.01852066945636812,0.01753051052956011,0.016695998788474418,0.016002525371167045,0.015438046509072236,0.014992892255967557,0.014659607126503212
13,0.015179194202316913,0.015369318061870713,0.015666741015611083,0.01607562675724033,0.016602093192193648,0.01725427494748154,0.018042414576955646,0.01897897420536971,0.020078756730077127,0.021359021731903658,0.02283957568787586,0.024542808712038046,0.026493640785409896,0.028719329458763765,0.03124907901965057,0.03411337964018784,0.03734299682938947,0.040967530993491895,0.04501348027436804,0.04950177478408404,0.05444481464182884,0.05984314258646905,0.06568201103447789,0.07192824548810457,0.07852792399899121,0.08540543115081378,0.09246434724186159,0.09959036964603966,0.1066560697348527,0.11352688414568408,0.12006749091403436,0.12614775330774966,0.1316477121445845,0.13646150526061784,0.14050038562911898,0.13646150526061784,0.1316477121445845,0.12614775330774966,0.12006749091403436,0.11352688414568408,0.1066560697348527,0.09959036964603966,0.09246434724186159,0.08540543115081378,0.07852792399899121,0.07192824548810457,0.06568201103447789,0.05984314258646905,0.05444481464182884,0.04950177478408404,0.04501348027436804,0.040967530993491895,0.03734299682938947,0.03411337964018784,0.03124907901965057,0.028719329458763765,0.026493640785409896,0.024542808712038046,0.02283957568787586,0.021359021731903658,0.020078756730077127,0.01897897420536971,0.018042414576955646,0.01725427494748154,0.016602093192193648,0.01607562675724033,0.015666741015611083,0.015369318061870713
14,0.01589193460856396,0.01603851039096483,0.016292813538104373,0.016657730333389124,0.017137972328808215,0.017740085130392536,0.018472479240279803,0.019345473516492757,0.020371339615300476,0.021564332566108547,0.022940688308261376,0.024518563581533082,0.026317887154579455,0.02836008442548972,0.030667630806534875,0.0332633845203254,0.03616964882276398,0.0394069204891592,0.04299229969037395,0.04693757034317958,0.05124701265384777,0.05591508046468577,0.06092415834456441,0.06624269116252296,0.07182402638192031,0.07760629518765429,0.08351355718791667,0.08945824198029288,0.09534467479861503,0.10107324734691904,0.10654467765279003,0.11166385143199258,0.11634293694302979,0.12050372814097896,0.12407938657342822,0.12050372814097896,0.11634293694302979,0.11166385143199258,0.10654467765279003,0.10107324734691904,0.09534467479861503,0.08945824198029288,0.08351355718791667,0.07760629518765429,0.07182402638192031,0.06624269116252296,0.06092415834456441,0.05591508046468577,0.05124701265384777,0.04693757034317958,0.04299229969037395,0.0394069204891592,0.03616964882276398,0.0332633845203254,0.030667630806534875,0.02836008442548972,0.026317887154579455,0.024518563581533082,0.022940688308261376,0.021564332566108547,0.020371339615300476,0.019345473516492757,0.018472479240279803,0.017740085130392536,0.017137972328808215,0.016657730333389124,0.016292813538104373,0.01603851039096483
15,0.01656796577171502,0.016664564362696272,0.01686908761427406,0.01718309555103986,0.017609861079844906,0.01815433091941062,0.018823104544361556,0.01962442121991329,0.020568143565444386,0.02166572371902283,0.022930135106496507,0.024375749162355794,0.02601813237263634,0.027873735216965758,0.02995944181620256,0.03229194860974747,0.034886943934006986,0.037758070104465746,0.0409156678098908,0.04436533113530618,0.04810634068684304,0.05213008957269407,0.05641866555520462,0.06094379057072561,0.06566632993274386,0.07053655160977457,0.07549523168380577,0.08047557168220096,0.08540574421563224,0.09021176007946786,0.0948202995126394,0.09916119850226685,0.10316941535402421,0.10678647415550059,0.10996152759155228,0.10678647415550059,0.10316941535402421,0.09916119850226685,0.0948202995126394,0.09021176007946786,0.08540574421563224,0.08047557168220096,0.07549523168380577,0.07053655160977457,0.06566632993274386,0.06094379057072561,0.05641866555520462,0.05213008957269407,0.04810634068684304,0.04436533113530618,0.0409156678098908,0.037758070104465746,0.034886943934006986,0.03229194860974747,0.02995944181620256,0.027873735216965758,0.02601813237263634,0.024375749162355794,0.022930135106496507,0.02166572371902283,0.020568143565444386,0.01962442121991329,0.018823104544361556,0.01815433091941062,0.017609861079844906,0.01718309555103986,0.01686908761427406,0.016664564362696272
16,0.017205194173771886,0.01724595306711629,0.01739473608480284,0.01765175416329584,0.018018839951546434,0.01849936692638651,0.019098184763617843,0.019821561034519593,0.020677118254290597,0.021673753770408987,0.022821528038562897,0.024131504667238644,0.025615523521033825,0.027285886635263667,0.029154936411384495,0.031234507483157748,0.033535238936833064,0.03606574350005899,0.03883164596910836,0.041834524959121405,0.045070819166774266,0.04853078880947776,0.05219764922919002,0.056047008795934626,0.060046737978771955,0.06415736317258441,0.06833301572113512,0.07252288139139723,0.07667300719836798,0.08072825718403487,0.08463419096596071,0.08833867979808904,0.09179316490583674,0.09495357327156363,0.09778100038592878,0.09495357327156363,0.09179316490583674,0.08833867979808904,0.08463419096596071,0.08072825718403487,0.07667300719836798,0.07252288139139723,0.06833301572113512,0.06415736317258441,0.060046737978771955,0.056047008795934626,0.05219764922919002,0.04853078880947776,0.045070819166774266,0.041834524959121405,0.03883164596910836,0.03606574350005899,0.033535238936833064,0.031234507483157748,0.029154936411384495,0.027285886635263667,0.025615523521033825,0.024131504667238644,0.022821528038562897,0.021673753770408987,0.020677118254290597,0.019821561034519593,0.019098184763617843,0.01849936692638651,0.018018839951546434,0.01765175416329584,0.01739473608480284,0.01724595306711629
17,0.017802478738440895,0.017782172453143546,0.01787001888375335,0.01806487824671114,0.018367165387316305,0.01877873279276725,0.01930276998796044,0.01994370965579423,0.020707130347108308,0.021599644841410394,0.02262876221388325,0.023802710648098697,0.02513020729076748,0.02662016137463638,0.028281297968228935,0.03012169269462449,0.03214821330431523,0.034365872729749766,0.036777110543283684,0.03938103533292884,0.04217267816848853,0.045142324511343535,0.04827500467419156,0.051550226291427505,0.05494202131744448,0.058419351825063574,0.06194687439153378,0.0654860088841978,0.06899620629058856,0.07243627692922518,0.07576563752929374,0.07894536770924024,0.08193902624981673,0.08471324802283255,0.08723820198667424,0.08471324802283255,0.08193902624981673,0.07894536770924024,0.07576563752929374,0.07243627692922518,0.06899620629058856,0.0654860088841978,0.06194687439153378,0.058419351825063574,0.05494202131744448,0.051550226291427505,0.04827500467419156,0.045142324511343535,0.04217267816848853,0.03938103533292884,0.036777110543283684,0.034365872729749766,0.03214821330431523,0.03012169269462449,0.028281297968228935,0.02662016137463638,0.02513020729076748,0.023802710648098697,0.02262876221388325,0.021599644841410394,0.020707130347108308,0.01994370965579423,0.01930276998796044,0.01877873279276725,0.018367165387316305,0.01806487824671114,0.01787001888375335,0.017782172453143546
18,0.018359566070807545,0.01827364581257436,0.018296151939239714,0.018424608336628245,0.018658051823970283,0.018996884101092817,0.019442741675279474,0.019998374496927825,0.020667524057509528,0.02145479150781646,0.02236548607253709,0.023405443848536704,0.024580807218116316,0.025897755891688183,0.02736218238601387,0.02897930794925727,0.030753239942163155,0.03268647872449123,0.03477939114172717,0.03702967824920302,0.03943187578001416,0.041976935128146514,0.04465193767583614,0.04743999327162409,0.05032036219767241,0.05326881826590885,0.056258240612428796,0.05925938837234944,0.06224178343261807,0.06517461037764137,0.06802754594055643,0.07077145414797031,0.0733789228790073,0.07582466226304818,0.07808582243128576,0.07582466226304818,0.0733789228790073,0.07077145414797031,0.06802754594055643,0.06517461037764137,0.06224178343261807,0.05925938837234944,0.056258240612428796,0.05326881826590885,0.05032036219767241,0.04743999327162409,0.04465193767583614,0.041976935128146514,0.03943187578001416,0.03702967824920302,0.03477939114172717,0.03268647872449123,0.030753239942163155,0.02897930794925727,0.02736218238601387,0.025897755891688183,0.024580807218116316,0.023405443848536704,0.02236548607253709,0.02145479150781646,0.020667524057509528,0.019998374496927825,0.019442741675279474,0.018996884101092817,0.018658051823970283,0.018424608336628245,0.018296151939239714,0.01827364581257436
19,0.018877006580119943,0.01872161165332843,0.018675163506807525,0.01873387501927696,0.01889545573162922,0.019158936890866025,0.01952451715342913,0.01999342005947392,0.02056775483420182,0.021250372354584504,0.02204470836665727,0.022954606405229536,0.023984113542666604,0.025137243296334662,0.026417701994551804,0.027828577867699173,0.029371996262778415,0.03104874970779808,0.03285791787583115,0.03479649928287994,0.036859082857793324,0.03903759200300607,0.041321134815748874,0.04369599021304337,0.046145749811373316,0.04865161971214411,0.051192866623345754,0.05374737251965336,0.05629224602620921,0.05880443163584452,0.06126126288009533,0.06364092280244281,0.06592280105212571,0.0680877651921974,0.07011838676817593,0.0680877651921974,0.06592280105212571,0.06364092280244281,0.06126126288009533,0.05880443163584452,0.05629224602620921,0.05374737251965336,0.051192866623345754,0.04865161971214411,0.046145749811373316,0.04369599021304337,0.041321134815748874,0.03903759200300607,0.036859082857793324,0.03479649928287994,0.03285791787583115,0.03104874970779808,0.029371996262778415,0.027828577867699173,0.026417701994551804,0.025137243296334662,0.023984113542666604,0.022954606405229536,0.02204470836665727,0.021250372354584504,0.02056775483420182,0.01999342005947392,0.01952451715342913,0.019158936890866025,0.01889545573162922,0.01873387501927696,0.018675163506807525,0.01872161165332843
20,0.01935605851184496,0.019128003075237248,0.019009747058637616,0.01899622391991062,0.019083872030593037,0.0192704360292536,0.019554792266884526,0.019936789754012817,0.020417098803581557,0.020997060205902533,0.021678528386028458,0.02246370270730334,0.023354942039009247,0.024354559050743796,0.02546459257585845,0.026686558915157237,0.028021186176627345,0.029468139597238905,0.03102575002833252,0.032690761930459715,0.03445812062962291,0.03632082036041402,0.03826983383016337,0.04029413991677235,0.04238085836351685,0.04451548942961035,0.04668224382864971,0.048864436270432826,0.05104490734183509,0.05320643591339478,0.055332109229679204,0.05740563001072587,0.0594115568982003,0.06133549245528144,0.06316424710572842,0.06133549245528144,0.0594115568982003,0.05740563001072587,0.055332109229679204,0.05320643591339478,0.05104490734183509,0.048864436270432826,0.04668224382864971,0.04451548942961035,0.04238085836351685,0.04029413991677235,0.03826983383016337,0.03632082036041402,0.03445812062962291,0.032690761930459715,0.03102575002833252,0.029468139597238905,0.028021186176627345,0.026686558915157237,0.02546459257585845,0.024354559050743796,0.023354942039009247,0.02246370270730334,0.021678528386028458,0.020997060205902533,0.020417098803581557,0.019936789754012817,0.019554792266884526,0.0192704360292536,0.019083872030593037,0.01899622391991062,0.019009747058637616,0.019128003075237248
21,0.01979858619302217,0.019495325569754907,0.019303118086525708,0.0192156515829103,0.019228150063149377,0.019337153637520706,0.01954032648073454,0.019836284386066,0.020224434547448565,0.020704821108004697,0.021277970871914395,0.021944734489563383,0.022706119497130927,0.023563112919636378,0.024516492812422963,0.02556663016611466,0.026713285019943512,0.027955403314940574,0.02929092375339672,0.03071660636591019,0.03222789615454292,0.03381883554305748,0.03548203791575894,0.03720873093379646,0.0389888725959017,0.040811335664351,0.04266414815793448,0.04453477062184282,0.04641038648548238,0.0482781814125381,0.05012559179424957,0.0519405110121594,0.053711453220368695,0.055427685715863234,0.05707934973354251,0.055427685715863234,0.053711453220368695,0.0519405110121594,0.05012559179424957,0.0482781814125381,0.04641038648548238,0.04453477062184282,0.04266414815793448,0.040811335664351,0.0389888725959017,0.03720873093379646,0.03548203791575894,0.03381883554305748,0.03222789615454292,0.03071660636591019,0.02929092375339672,0.027955403314940574,0.026713285019943512,0.02556663016611466,0.024516492812422963,0.023563112919636378,0.022706119497130927,0.021944734489563383,0.021277970871914395,0.020704821108004697,0.020224434547448565,0.019836284386066,0.01954032648073454,0.019337153637520706,0.019228150063149377,0.0192156515829103,0.019303118086525708,0.019495325569754907
22,0.020206957824849967,0.019826538787682757,0.019558880333436685,0.01939645738447966,0.019333333410598088,0.019364920379764675,0.01948777095250053,0.01969939451974099,0.019998089950165533,0.020382789011075455,0.02085290544354881,0.02140818569019456,0.02204855836832882,0.022773980816950486,0.02358428246594307,0.024479006390844976,0.025457252188768705,0.02651752514031985,0.027657598335297722,0.02887439579051117,0.030163905276015507,0.031521129279969085,0.03294008102842337,0.03441382962764966,0.03593459434328815,0.03749388320321645,0.039082666241096624,0.04069156972768401,0.04231107563480618,0.04393171108247924,0.045544215892185484,0.04713968221937469,0.04870966751945842,0.050246289292862185,0.051742315499895865,0.050246289292862185,0.04870966751945842,0.04713968221937469,0.045544215892185484,0.04393171108247924,0.04231107563480618,0.04069156972768401,0.039082666241096624,0.03749388320321645,0.03593459434328815,0.03441382962764966,0.03294008102842337,0.031521129279969085,0.030163905276015507,0.02887439579051117,0.027657598335297722,0.02651752514031985,0.025457252188768705,0.024479006390844976,0.02358428246594307,0.022773980816950486,0.02204855836832882,0.02140818569019456,0.02085290544354881,0.020382789011075455,0.019998089950165533,0.01969939451974099,0.01948777095250053,0.019364920379764675,0.019333333410598088,0.01939645738447966,0.019558880333436685,0.019826538787682757
23,0.02058394707657065,0.02012494641543531,0.019780905220694908,0.01954311452639104,0.01940452544157695,0.019359489785603312,0.01940353736716251,0.019533181379437728,0.019745744820541953,0.020039202088447415,0.020412031019109055,0.020863071703509716,0.021391389491548635,0.02199614071136298,0.022676440824941458,0.023431236000223548,0.02425918036620315,0.025158522448899337,0.026127005336704173,0.027161785830572337,0.028259378015683366,0.02941562617763168,0.03062571066698963,0.031884188189829764,0.03318506522205354,0.03452190014338559,0.03588792675383244,0.03727618965315342,0.0386796810869364,0.04009146967277911,0.041504813990562654,0.04291325803868382,0.04431071033598907,0.04569151304185418,0.047050510870969654,0.04569151304185418,0.04431071033598907,0.04291325803868382,0.041504813990562654,0.04009146967277911,0.0386796810869364,0.03727618965315342,0.03588792675383244,0.03452190014338559,0.03318506522205354,0.031884188189829764,0.03062571066698963,0.02941562617763168,0.028259378015683366,0.027161785830572337,0.026127005336704173,0.025158522448899337,0.02425918036620315,0.023431236000223548,0.022676440824941458,0.02199614071136298,0.021391389491548635,0.020863071703509716,0.020412031019109055,0.020039202088447415,0.019745744820541953,0.019533181379437728,0.01940353736716251,0.019359489785603312,0.01940452544157695,0.01954311452639104,0.019780905220694908,0.02012494641543531
24,0.02093264165462478,0.020394096985976735,0.019973226697693344,0.019660161424797453,0.019446780613367444,0.019326433892959356,0.01929370359052671,0.019344199591633235,0.019474379334143407,0.019681387069968186,0.019962907721098176,0.020317031745824343,0.020742128466453548,0.021236726323194104,0.021799399524556968,0.022428661555108483,0.02312286694401062,0.02388012353290174,0.024698218124941638,0.02557455874686534,0.02650613670913388,0.02748951112244252,0.02852081748661886,0.02959580045130012,0.030709868995071325,0.03185817032119051,0.03303567704526011,0.03423728110729021,0.03545788759099731,0.03669250246677987,0.03793631018674065,0.0391847398149613,0.040433521524978935,0.04167873825026868,0.04291687942190585,0.04167873825026868,0.040433521524978935,0.0391847398149613,0.03793631018674065,0.03669250246677987,0.03545788759099731,0.03423728110729021,0.03303567704526011,0.03185817032119051,0.030709868995071325,0.02959580045130012,0.02852081748661886,0.02748951112244252,0.02650613670913388,0.02557455874686534,0.024698218124941638,0.02388012353290174,0.02312286694401062,0.022428661555108483,0.021799399524556968,0.021236726323194104,0.020742128466453548,0.020317031745824343,0.019962907721098176,0.019681387069968186,0.019474379334143407,0.019344199591633235,0.01929370359052671,0.019326433892959356,0.019446780613367444,0.019660161424797453,0.019973226697693344,0.020394096985976735
25,0.021256361019078896,0.020637697298717058,0.02013995246712055,0.01975211346211021,0.01946502020857045,0.019271067279534607,0.019163951258158143,0.019138454615834796,0.019190258626582333,0.019315779281269655,0.019512021412244698,0.01977644734299564,0.02010685737986106,0.020501280391131443,0.020957873585607127,0.021474831403504962,0.02205030414566905,0.022682327553660585,0.023368764961406663,0.024107263810247283,0.024895228199718254,0.025729808701909492,0.026607909899220357,0.027526215065878035,0.028481226213949,0.02946931653253533,0.030486791271224684,0.03152995256855889,0.03259516377797806,0.03367890958698977,0.03477784962759868,0.03588886516736866,0.03700910055879622,0.03813600304225645,0.039267365871404274,0.03813600304225645,0.03700910055879622,0.03588886516736866,0.03477784962759868,0.03367890958698977,0.03259516377797806,0.03152995256855889,0.030486791271224684,0.02946931653253533,0.028481226213949,0.027526215065878035,0.026607909899220357,0.025729808701909492,0.024895228199718254,0.024107263810247283,0.023368764961406663,0.022682327553660585,0.02205030414566905,0.021474831403504962,0.020957873585607127,0.020501280391131443,0.02010685737986106,0.01977644734299564,0.019512021412244698,0.019315779281269655,0.019190258626582333,0.019138454615834796,0.019163951258158143,0.019271067279534607,0.01946502020857045,0.01975211346211021,0.02013995246712055,0.020637697298717058
26,0.021558584544603094,0.02085953917074474,0.020285191548051848,0.019823394097965356,0.0194639703166605,0.019198395884737464,0.01901953009181488,0.018921387893182394,0.018898944737505325,0.0189479678339182,0.019064868826545945,0.01924657396586214,0.019490408848735315,0.019793995669558986,0.020155161697818176,0.02057185837425284,0.0210420909875678,0.021563859335000265,0.022135110054540864,0.022753701414383435,0.02341738123278441,0.02412377827108282,0.024870406911287207,0.02565468424670797,0.02647395796375687,0.027325542689579187,0.02820676195488935,0.029114992701054544,0.030047709440942857,0.031002525802995,0.031977232209794364,0.0329698297466709,0.03397856167318459,0.03500194529053062,0.036038807771899065,0.03500194529053062,0.03397856167318459,0.0329698297466709,0.031977232209794364,0.031002525802995,0.030047709440942857,0.029114992701054544,0.02820676195488935,0.027325542689579187,0.02647395796375687,0.02565468424670797,0.024870406911287207,0.02412377827108282,0.02341738123278441,0.022753701414383435,0.022135110054540864,0.021563859335000265,0.0210420909875678,0.02057185837425284,0.020155161697818176,0.019793995669558986,0.019490408848735315,0.01924657396586214,0.019064868826545945,0.0189479678339182,0.018898944737505325,0.018921387893182394,0.01901953009181488,0.019198395884737464,0.0194639703166605,0.019823394097965356,0.020285191548051848,0.02085953917074474
27,0.021842890700151645,0.02106343949921529,0.020412997419374274,0.019878283695021554,0.01944811938279343,0.019113086780775883,0.018865243843593796,0.018697883320363276,0.01860532827890247,0.018582757294495777,0.018626053937150083,0.018731676338774806,0.018896543600920628,0.019117936643316284,0.01939341181134067,0.019720726164493673,0.020097773856687425,0.020522533384652316,0.020993025711005062,0.021507283352056854,0.022063330451400687,0.02265917364419823,0.02329280317583911,0.02396220331396851,0.024665370646215944,0.025400338464034167,0.026165205178511983,0.02695816467185238,0.027777536710133423,0.0286217960428936,0.029489599559507158,0.030379811778924858,0.03129152989568152,0.032224110446791014,0.033177200260139365,0.032224110446791014,0.03129152989568152,0.030379811778924858,0.029489599559507158,0.0286217960428936,0.027777536710133423,0.02695816467185238,0.026165205178511983,0.025400338464034167,0.024665370646215944,0.02396220331396851,0.02329280317583911,0.02265917364419823,0.022063330451400687,0.021507283352056854,0.020993025711005062,0.020522533384652316,0.020097773856687425,0.019720726164493673,0.01939341181134067,0.019117936643316284,0.018896543600920628,0.018731676338774806,0.018626053937150083,0.018582757294495777,0.01860532827890247,0.018697883320363276,0.018865243843593796,0.019113086780775883,0.01944811938279343,0.019878283695021554,0.020412997419374274,0.02106343949921529
28,0.022112907255310198,0.021253193071364272,0.020527325506284083,0.019920884050554224,0.019421692458453408,0.019019455112592558,0.018705453156437984,0.018472289452842176,0.01831367347928876,0.01822423897489689,0.018199388572810848,0.018235160836585,0.018328116112170733,0.01847523843959557,0.018673851462423806,0.018921546842261383,0.01921612413660136,0.019555541432909492,0.019937876249255346,0.020361296311897,0.020824039807030625,0.021324404588963106,0.02186074563206265,0.022431479772382544,0.023035096540881626,0.02367017369483873,0.024335395959263435,0.02502957554010131,0.025751673193277987,0.026500819030861128,0.027276332791148807,0.028077743937464913,0.028904812601937706,0.029757552964973618,0.030636261071407555,0.029757552964973618,0.028904812601937706,0.028077743937464913,0.027276332791148807,0.026500819030861128,0.025751673193277987,0.02502957554010131,0.024335395959263435,0.02367017369483873,0.023035096540881626,0.022431479772382544,0.02186074563206265,0.021324404588963106,0.020824039807030625,0.020361296311897,0.019937876249255346,0.019555541432909492,0.01921612413660136,0.018921546842261383,0.018673851462423806,0.01847523843959557,0.018328116112170733,0.018235160836585,0.018199388572810848,0.01822423897489689,0.01831367347928876,0.018472289452842176,0.018705453156437984,0.019019455112592558,0.019421692458453408,0.019920884050554224,0.020527325506284083,0.021253193071364272
29,0.02237227210399375,0.02143253719218128,0.020632003493358718,0.019955096475760315,0.019388639318507355,0.01892146468806734,0.0185440911763549,0.01824845272136975,0.01802767150441976,0.01787586661798959,0.017787992288578133,0.017759700673190163,0.01778722527065456,0.017867281834217357,0.017996984366061945,0.018173774336354753,0.01839536171200605,0.018659676712355397,0.018964831437098224,0.01930909064279182,0.01969085098749166,0.020108628032278968,0.020561050203415563,0.021046858805733953,0.021564913068120778,0.02211419912974979,0.02269384187386491,0.023303118610633645,0.02394147381635673,0.02460853445150019,0.025304125784728924,0.02602828810703726,0.026781295178554546,0.027563675653887357,0.028376239026183244,0.027563675653887357,0.026781295178554546,0.02602828810703726,0.025304125784728924,0.02460853445150019,0.02394147381635673,0.023303118610633645,0.02269384187386491,0.02211419912974979,0.021564913068120778,0.021046858805733953,0.020561050203415563,0.020108628032278968,0.01969085098749166,0.01930909064279182,0.018964831437098224,0.018659676712355397,0.01839536171200605,0.018173774336354753,0.017996984366061945,0.017867281834217357,0.01778722527065456,0.017759700673190163,0.017787992288578133,0.01787586661798959,0.01802767150441976,0.01824845272136975,0.0185440911763549,0.01892146468806734,0.019388639318507355,0.019955096475760315,0.020632003493358718,0.02143253719218128
30,0.022624604011487096,0.021605126981928912,0.020730712826948515,0.019984611274812245,0.019352633786151294,0.018822739079396703,0.018384688365953954,0.01802975781866869,0.017750498096303552,0.01754053264977951,0.017394388107113135,0.017307351329079255,0.017275348793310632,0.017294844838706736,0.017362756014611794,0.017476379353400778,0.017633332838626302,0.01783150668757399,0.01806902431854474,0.018344212040429436,0.018655576597166355,0.01900178973674954,0.019381678970929992,0.019794223668079633,0.020238555600598566,0.020713963072930025,0.02121989780778271,0.021755983882421673,0.022322028191593665,0.02291803216608572,0.023544204782005782,0.024200977231080688,0.024889019954357463,0.025609263035262623,0.02636292116998141,0.025609263035262623,0.024889019954357463,0.024200977231080688,0.023544204782005782,0.02291803216608572,0.022322028191593665,0.021755983882421673,0.02121989780778271,0.020713963072930025,0.020238555600598566,0.019794223668079633,0.019381678970929992,0.01900178973674954,0.018655576597166355,0.018344212040429436,0.01806902431854474,0.01783150668757399,0.017633332838626302,0.017476379353400778,0.017362756014611794,0.017294844838706736,0.017275348793310632,0.017307351329079255,0.017394388107113135,0.01754053264977951,0.017750498096303552,0.01802975781866869,0.018384688365953954,0.018822739079396703,0.019352633786151294,0.019984611274812245,0.020730712826948515,0.021605126981928912
31,0.02287348241821298,0.02177452009646285,0.020826979767502935,0.02001290659551539,0.019317081873450444,0.01872658053098775,0.018230403587691457,0.01781917222294815,0.017484872565535048,0.017220642319392947,0.017020592003315047,0.016879654948457792,0.016793461318116137,0.016758232330052594,0.016770691606197326,0.016827991174578588,0.016927650125418692,0.017067504294984357,0.01724566563194088,0.017460490105192607,0.017710553152887106,0.01799463176345831,0.01831169233648533,0.018660883510071374,0.019041533179246693,0.01945314898280502,0.019895421618016832,0.020368230463867043,0.020871651158251268,0.021405964980559113,0.02197167012882512,0.022569495234345753,0.02320041570612101,0.023865673720830195,0.024566802851228735,0.023865673720830195,0.02320041570612101,0.022569495234345753,0.02197167012882512,0.021405964980559113,0.020871651158251268,0.020368230463867043,0.019895421618016832,0.01945314898280502,0.019041533179246693,0.018660883510071374,0.01831169233648533,0.01799463176345831,0.017710553152887106,0.017460490105192607,0.01724566563194088,0.017067504294984357,0.016927650125418692,0.016827991174578588,0.016770691606197326,0.016758232330052594,0.016793461318116137,0.016879654948457792,0.017020592003315047,0.017220642319392947,0.017484872565535048,0.01781917222294815,0.018230403587691457,0.01872658053098775,0.019317081873450444,0.02001290659551539,0.020826979767502935,0.02177452009646285
32,0.023122435351427804,0.021944169614153696,0.020924174433781428,0.020043254812216825,0.019285136656412932,0.018635994413927333,0.018084059108056202,0.01761929254120984,0.017233116004604945,0.016918183964302877,0.01666819495324141,0.016477733345478016,0.016342136874095452,0.01625738572193947,0.016220009800988252,0.01622701147164295,0.016275801462136315,0.01636414615092984,0.016490124688689146,0.016652094676448157,0.01684866529703327,0.017078676931387184,0.01734118639367209,0.017635457002419478,0.017960952782570736,0.018317336176927566,0.018704468745200247,0.01912241445134916,0.01957144528822243,0.020052049161108056,0.020564940142793964,0.02111107141226404,0.02169165138486373,0.022308163720463695,0.022962392045963537,0.022308163720463695,0.02169165138486373,0.02111107141226404,0.020564940142793964,0.020052049161108056,0.01957144528822243,0.01912241445134916,0.018704468745200247,0.018317336176927566,0.017960952782570736,0.017635457002419478,0.01734118639367209,0.017078676931387184,0.01684866529703327,0.016652094676448157,0.016490124688689146,0.01636414615092984,0.016275801462136315,0.01622701147164295,0.016220009800988252,0.01625738572193947,0.016342136874095452,0.016477733345478016,0.01666819495324141,0.016918183964302877,0.017233116004604945,0.01761929254120984,0.018084059108056202,0.018635994413927333,0.019285136656412932,0.020043254812216825,0.020924174433781428,0.021944169614153696
33,0.023374934483533144,0.02211742388876988,0.021025516416465398,0.02007873482763,0.019259718127652703,0.01855371739256098,0.01794817769776171,0.017432390966203005,0.01699720726616418,0.016634794346200146,0.016338437060764627,0.016102369875265053,0.015921636897615363,0.015791974911175427,0.015709715720475807,0.015671704798973222,0.015675233774376133,0.015717984724408926,0.015797984603327677,0.015913568393558144,0.016063349792148487,0.016246198411711647,0.016461222612645515,0.01670775719929629,0.016985355318042038,0.017293783999351397,0.017633022896254572,0.018003265893553052,0.018404925397965073,0.018838639268753017,0.01930528050787452,0.0198059699926197,0.020342092694814542,0.020915317981374457,0.021527624724646095,0.020915317981374457,0.020342092694814542,0.0198059699926197,0.01930528050787452,0.018838639268753017,0.018404925397965073,0.018003265893553052,0.017633022896254572,0.017293783999351397,0.016985355318042038,0.01670775719929629,0.016461222612645515,0.016246198411711647,0.016063349792148487,0.015913568393558144,0.015797984603327677,0.015717984724408926,0.015675233774376133,0.015671704798973222,0.015709715720475807,0.015791974911175427,0.015921636897615363,0.016102369875265053,0.016338437060764627,0.016634794346200146,0.01699720726616418,0.017432390966203005,0.01794817769776171,0.01855371739256098,0.019259718127652703,0.02007873482763,0.021025516416465398,0.02211742388876988
34,0.02363439641428532,0.02229753226661953,0.02113408570534357,0.02012224891997902,0.019243536584811247,0.018482247857213665,0.017825020457301374,0.017260460646448907,0.01677883578441833,0.016371818534137966,0.01603227376285277,0.015754080819694295,0.01553198520840143,0.015361474768713709,0.015238676372526485,0.015160269866331734,0.015123416579101417,0.015125700189114208,0.015165078124880922,0.015239841981818394,0.015348585682809756,0.015490180310588958,0.015663754704845313,0.015868681057611057,0.016104564866151003,0.01637123872108644,0.016668759525138473,0.0169974088591121,0.0173576963390246,0.01775036594205449,0.018176405417826367,0.018637059042538373,0.019133844112759233,0.019668571709404465,0.020243372387159644,0.019668571709404465,0.019133844112759233,0.018637059042538373,0.018176405417826367,0.01775036594205449,0.0173576963390246,0.0169974088591121,0.016668759525138473,0.01637123872108644,0.016104564866151003,0.015868681057611057,0.015663754704845313,0.015490180310588958,0.015348585682809756,0.015239841981818394,0.015165078124880922,0.015125700189114208,0.015123416579101417,0.015160269866331734,0.015238676372526485,0.015361474768713709,0.01553198520840143,0.015754080819694295,0.01603227376285277,0.016371818534137966,0.01677883578441833,0.017260460646448907,0.017825020457301374,0.018482247857213665,0.019243536584811247,0.02012224891997902,0.02113408570534357,0.02229753226661953
35,0.023904189328097177,0.022487655691472,0.021252837854576274,0.020176542998918814,0.019239118405326154,0.01842387751966102,0.01771662438002896,0.017105259176364716,0.01657945072873143,0.016130364197976685,0.015750434442479536,0.015433177168966594,0.01517303145093289,0.014965228355911605,0.014805681376648491,0.014690895138488671,0.014617889487346861,0.014584136575777548,0.014587508980876173,0.014626237225548743,0.014698875349802739,0.014804273404603474,0.01494155592911277,0.015110105632798255,0.015309551645523964,0.015539761828433574,0.01580083876190178,0.016093119148247546,0.016417176488962897,0.016773827020173025,0.017164139015897122,0.01758944569543799,0.01805136209736882,0.01855180640651413,0.01909302634098111,0.01855180640651413,0.01805136209736882,0.01758944569543799,0.017164139015897122,0.016773827020173025,0.016417176488962897,0.016093119148247546,0.01580083876190178,0.015539761828433574,0.015309551645523964,0.015110105632798255,0.01494155592911277,0.014804273404603474,0.014698875349802739,0.014626237225548743,0.014587508980876173,0.014584136575777548,0.014617889487346861,0.014690895138488671,0.014805681376648491,0.014965228355911605,0.01517303145093289,0.015433177168966594,0.015750434442479536,0.016130364197976685,0.01657945072873143,0.017105259176364716,0.01771662438002896,0.01842387751966102,0.019239118405326154,0.020176542998918814,0.021252837854576274,0.022487655691472
36,0.024187644274062142,0.022690881359201224,0.021384622492085895,0.020244229357405857,0.019248833320379504,0.018380723361829,0.017624838979738308,0.01696834973440392,0.0164003062862862,0.01591135044641075,0.015493473985910028,0.015139817794791455,0.014844504498446234,0.014602498886428164,0.014409491527696409,0.014261801779288487,0.01415629707458066,0.014090325930857104,0.014061662567197071,0.014068461392242833,0.014109219923622327,0.014182748950488691,0.014288148959474316,0.014424792022213613,0.014592308497738299,0.014790578042341669,0.015019724548427382,0.015280114756632775,0.015572360405158048,0.01589732389869056,0.01625612759762587,0.0166501669468294,0.017081127781976718,0.017551008270585294,0.018062146064607754,0.017551008270585294,0.017081127781976718,0.0166501669468294,0.01625612759762587,0.01589732389869056,0.015572360405158048,0.015280114756632775,0.015019724548427382,0.014790578042341669,0.014592308497738299,0.014424792022213613,0.014288148959474316,0.014182748950488691,0.014109219923622327,0.014068461392242833,0.014061662567197071,0.014090325930857104,0.01415629707458066,0.014261801779288487,0.014409491527696409,0.014602498886428164,0.014844504498446234,0.015139817794791455,0.015493473985910028,0.01591135044641075,0.0164003062862862,0.01696834973440392,0.017624838979738308,0.018380723361829,0.019248833320379504,0.020244229357405857,0.021384622492085895,0.022690881359201224
37,0.024488070425327756,0.02291024072615665,0.02153220445355553,0.020327811210889658,0.019274922529942246,0.01835475937465739,0.017551361563128576,0.016851139644060795,0.01624250309468363,0.015715551525999082,0.015261817940436618,0.014874055045725717,0.01454605724577336,0.014272512258735744,0.014048877402326382,0.013871276478167225,0.013736413915903158,0.013641503433461969,0.01358420895700626,0.0135625959434097,0.013575091576694884,0.013620452582129837,0.01369773962958315,0.01380629749126907,0.01394574028649915,0.014115941294328012,0.014317026949599874,0.014549374763271731,0.014813615027390804,0.015110636281275448,0.015441594630108805,0.015807927121667145,0.016211369502366246,0.016653978791355183,0.017138161232445367,0.016653978791355183,0.016211369502366246,0.015807927121667145,0.015441594630108805,0.015110636281275448,0.014813615027390804,0.014549374763271731,0.014317026949599874,0.014115941294328012,0.01394574028649915,0.01380629749126907,0.01369773962958315,0.013620452582129837,0.013575091576694884,0.0135625959434097,0.01358420895700626,0.013641503433461969,0.013736413915903158,0.013871276478167225,0.014048877402326382,0.014272512258735744,0.01454605724577336,0.014874055045725717,0.015261817940436618,0.015715551525999082,0.01624250309468363,0.016851139644060795,0.017551361563128576,0.01835475937465739,0.019274922529942246,0.020327811210889658,0.02153220445355553,0.02291024072615665
38,0.024808773788626084,0.023148730314423847,0.021698286983745492,0.020429708496995963,0.019319527196841536,0.01834784772688105,0.017497770927632557,0.01675491631830913,0.016107026003208697,0.01554363581259778,0.015055801984972856,0.014635873777287636,0.014277304110766349,0.01397449177766726,0.013722649898636547,0.013517696274514452,0.01335616205773243,0.013235115808072741,0.013152100521731547,0.013105081653134208,0.013092404503899374,0.013112759647759742,0.013165155306583664,0.013248895801233921,0.013363565380396101,0.013509016887752745,0.013685364868734387,0.013892982847227094,0.014132504623822748,0.014404829563487,0.014711131954342305,0.015052874632691239,0.01543182718432731,0.01585008915050789,0.016310118790869355,0.01585008915050789,0.01543182718432731,0.015052874632691239,0.014711131954342305,0.014404829563487,0.014132504623822748,0.013892982847227094,0.013685364868734387,0.013509016887752745,0.013363565380396101,0.013248895801233921,0.013165155306583664,0.013112759647759742,0.013092404503899374,0.013105081653134208,0.013152100521731547,0.013235115808072741,0.01335616205773243,0.013517696274514452,0.013722649898636547,0.01397449177766726,0.014277304110766349,0.014635873777287636,0.015055801984972856,0.01554363581259778,0.016107026003208697,0.01675491631830913,0.017497770927632557,0.01834784772688105,0.019319527196841536,0.020429708496995963,0.021698286983745492,0.023148730314423847
39,0.02515307894892192,0.023409334889207115,0.021885536595250013,0.02055228456773939,0.01938471702276755,0.018361769167749363,0.017465559420286363,0.016680880684467145,0.01599477844830497,0.015396200592316502,0.014875706438983114,0.01442522477902286,0.01403785244089547,0.013707686480992598,0.013429684314949694,0.013199547130736039,0.013013622760637106,0.012868824874946968,0.012762565922834332,0.012692701708488576,0.012657485872421348,0.012655532864518067,0.012685788260197305,0.01274750549464658,0.012840228281502117,0.012963778148885155,0.013118246673486631,0.013303992127402072,0.013521640376817367,0.013772089989881183,0.014056521626135968,0.014376411894337884,0.014733551981851462,0.015130071479559836,0.015568467954100378,0.015130071479559836,0.014733551981851462,0.014376411894337884,0.014056521626135968,0.013772089989881183,0.013521640376817367,0.013303992127402072,0.013118246673486631,0.012963778148885155,0.012840228281502117,0.01274750549464658,0.012685788260197305,0.012655532864518067,0.012657485872421348,0.012692701708488576,0.012762565922834332,0.012868824874946968,0.013013622760637106,0.013199547130736039,0.013429684314949694,0.013707686480992598,0.01403785244089547,0.01442522477902286,0.014875706438983114,0.015396200592316502,0.01599477844830497,0.016680880684467145,0.017465559420286363,0.018361769167749363,0.01938471702276755,0.02055228456773939,0.021885536595250013,0.023409334889207115
40,0.02552435354487143,0.023695052706259108,0.022096609306591818,0.02069787354325982,0.019472518746305654,0.018398252599040515,0.017456163411766958,0.0166301782841654,0.0159066137973049,0.015273803159859293,0.014721786519978462,0.014242053492226127,0.013827328894329137,0.013471394297795319,0.013168939322539907,0.0129154376956043,0.01270704398869977,0.012540507683457946,0.012413101816171015,0.01232256394987167,0.012267047631075095,0.012245082828136843,0.012255544131788525,0.012297625737410495,0.012370822432404154,0.012474915988420756,0.01260996651364365,0.012776308460181846,0.012974551110431772,0.013205583487864958,0.013470583755475565,0.013771033282157936,0.014108735676507812,0.014485841211921995,0.014904877199557827,0.014485841211921995,0.014108735676507812,0.013771033282157936,0.013470583755475565,0.013205583487864958,0.012974551110431772,0.012776308460181846,0.01260996651364365,0.012474915988420756,0.012370822432404154,0.012297625737410495,0.012255544131788525,0.012245082828136843,0.012267047631075095,0.01232256394987167,0.012413101816171015,0.012540507683457946,0.01270704398869977,0.0129154376956043,0.013168939322539907,0.013471394297795319,0.013827328894329137,0.014242053492226127,0.014721786519978462,0.015273803159859293,0.0159066137973049,0.0166301782841654,0.017456163411766958,0.018398252599040515,0.019472518746305654,0.02069787354325982,0.022096609306591818,0.023695052706259108
41,0.025926035276091167,0.024008922639676855,0.02233417809810276,0.020868808213125485,0.019584944516181528,0.01845900385571699,0.017470992328839717,0.016603928311127166,0.015843364055020768,0.015176988768982064,0.014594299027352207,0.014086324835644468,0.013645401741508882,0.013264981094283482,0.012939471969793368,0.012664109440634513,0.012434844828283621,0.012248254358600849,0.012101463287529255,0.011992083094882302,0.011918159782514145,0.011878131676635192,0.011870795437235281,0.011895279232595354,0.011951022253699359,0.0120377599302673,0.012155514374001405,0.012304589721234297,0.012485572181390864,0.012699334723754667,0.012947046456724216,0.013230186874516587,0.0135505652694453,0.013910345736814045,0.014312078337648854,0.013910345736814045,0.0135505652694453,0.013230186874516587,0.012947046456724216,0.012699334723754667,0.012485572181390864,0.012304589721234297,0.012155514374001405,0.0120377599302673,0.011951022253699359,0.011895279232595354,0.011870795437235281,0.011878131676635192,0.011918159782514145,0.011992083094882302,0.012101463287529255,0.012248254358600849,0.012434844828283621,0.012664109440634513,0.012939471969793368,0.013264981094283482,0.013645401741508882,0.014086324835644468,0.014594299027352207,0.015176988768982064,0.015843364055020768,0.016603928311127166,0.017470992328839717,0.01845900385571699,0.019584944516181528,0.020868808213125485,0.02233417809810276,0.024008922639676855
42,0.02636166134222636,0.02435405310255657,0.022600961526619844,0.021067448470904256,0.019724020185837424,0.018545733816511888,0.017511456454801226,0.01660325089545134,0.015805866348728277,0.015106315961305052,0.014493526088725754,0.013958044879122644,0.013491799918824295,0.013087896511713699,0.012740449670337028,0.012444444138110211,0.012195617783037608,0.011990364542555476,0.01182565378903343,0.011698963553461315,0.011608225513669806,0.011551780041939597,0.011528339930621892,0.011536961686273415,0.011577023513437116,0.011648209307374494,0.011750498148132005,0.011884158942481755,0.012049750000795383,0.012248123467385656,0.01248043464939294,0.012748156414709163,0.013053098957382651,0.013397435363118325,0.013783733551728189,0.013397435363118325,0.013053098957382651,0.012748156414709163,0.01248043464939294,0.012248123467385656,0.012049750000795383,0.011884158942481755,0.011750498148132005,0.011648209307374494,0.011577023513437116,0.011536961686273415,0.011528339930621892,0.011551780041939597,0.011608225513669806,0.011698963553461315,0.01182565378903343,0.011990364542555476,0.012195617783037608,0.012444444138110211,0.012740449670337028,0.013087896511713699,0.013491799918824295,0.013958044879122644,0.014493526088725754,0.015106315961305052,0.015805866348728277,0.01660325089545134,0.017511456454801226,0.018545733816511888,0.019724020185837424,0.021067448470904256,0.022600961526619844,0.02435405310255657
43,0.026834900306347328,0.02473365276571876,0.02289975353033902,0.021296210352746914,0.019891813652024325,0.018660186030393575,0.017578993756695895,0.01662929297326668,0.015794987614883196,0.01506237978224392,0.014419796559971313,0.01385728003129858,0.01336632956318971,0.012939687370660867,0.012571159972515074,0.01225546947418895,0.011988129703189934,0.011765343118931888,0.011583915155987792,0.011441183266805785,0.011334958430908345,0.011263477312551007,0.011225363594322756,0.011219597303912487,0.011245491196566013,0.011302673466018496,0.011391076239748771,0.011510929476898874,0.01166276003479494,0.011847395807661238,0.01206597497327697,0.012319960514124347,0.012611160312991945,0.012941753263023542,0.013314321983007315,0.012941753263023542,0.012611160312991945,0.012319960514124347,0.01206597497327697,0.011847395807661238,0.01166276003479494,0.011510929476898874,0.011391076239748771,0.011302673466018496,0.011245491196566013,0.011219597303912487,0.011225363594322756,0.011263477312551007,0.011334958430908345,0.011441183266805785,0.011583915155987792,0.011765343118931888,0.011988129703189934,0.01225546947418895,0.012571159972515074,0.012939687370660867,0.01336632956318971,0.01385728003129858,0.014419796559971313,0.01506237978224392,0.015794987614883196,0.01662929297326668,0.017578993756695895,0.018660186030393575,0.019891813652024325,0.021296210352746914,0.02289975353033902,0.02473365276571876
44,0.02734958646174528,0.0251510631641505,0.023233454535217406,0.02155759582391416,0.020090463423837107,0.018804164096462423,0.017675096034872603,0.01668325310003719,0.015811647910670617,0.015045833371094188,0.014373505625657378,0.01378417433996774,0.013268888666366701,0.012820009305196488,0.012431018779218678,0.012096363448754434,0.011811321957614704,0.011571895756751539,0.011374718139917002,0.011216978874035647,0.011096362042069045,0.011010995159159521,0.010959407991417201,0.010940499815442777,0.010953514117630174,0.010998019955501535,0.011073899397179194,0.011181340626681203,0.011320836458119713,0.01149318814640882,0.011699514520531064,0.01194126660222628,0.012220248012431026,0.01253864161421142,0.012899042998759155,0.01253864161421142,0.012220248012431026,0.01194126660222628,0.011699514520531064,0.01149318814640882,0.011320836458119713,0.011181340626681203,0.011073899397179194,0.010998019955501535,0.010953514117630174,0.010940499815442777,0.010959407991417201,0.011010995159159521,0.011096362042069045,0.011216978874035647,0.011374718139917002,0.011571895756751539,0.011811321957614704,0.012096363448754434,0.012431018779218678,0.012820009305196488,0.013268888666366701,0.01378417433996774,0.014373505625657378,0.015045833371094188,0.015811647910670617,0.01668325310003719,0.017675096034872603,0.018804164096462423,0.020090463423837107,0.02155759582391416,0.023233454535217406,0.0251510631641505
45,0.027909756862535114,0.02560979335842173,0.023605104046148694,0.021854223521196564,0.020322207662745104,0.01897955907703324,0.017801334718765115,0.01676640557847485,0.015856842769064173,0.015057408389753585,0.014355133105523983,0.013738965444233005,0.013199480411053162,0.012728637198334366,0.012319577582380786,0.011966458100356582,0.011664310339992991,0.011408924695817288,0.011196753786212892,0.011024832418014273,0.01089071155665289,0.01079240423271021,0.010728341708861994,0.010697338560154743,0.01069856559822146,0.01073152980712439,0.010796060663975697,0.010892302398903769,0.011020711912815425,0.011182062223448615,0.01137745145554726,0.011608317534386275,0.011876458887921142,0.012184061616127579,0.012533733751397236,0.012184061616127579,0.011876458887921142,0.011608317534386275,0.01137745145554726,0.011182062223448615,0.011020711912815425,0.010892302398903769,0.010796060663975697,0.01073152980712439,0.01069856559822146,0.010697338560154743,0.010728341708861994,0.01079240423271021,0.01089071155665289,0.011024832418014273,0.011196753786212892,0.011408924695817288,0.011664310339992991,0.011966458100356582,0.012319577582380786,0.012728637198334366,0.013199480411053162,0.013738965444233005,0.014355133105523983,0.015057408389753585,0.015856842769064173,0.01676640557847485,0.017801334718765115,0.01897955907703324,0.020322207662745104,0.021854223521196564,0.023605104046148694,0.02560979335842173
46,0.028519691255637872,0.02611355689064438,0.024017914971810227,0.022188860716508108,0.020589413981551966,0.01918837725956944,0.017959386655874054,0.01688012428115265,0.015931665010412082,0.015097934733673523,0.014365260936511205,0.013721999666902632,0.013158225686799845,0.01266547491479259,0.012236530192473538,0.011865243005335436,0.011546385109917559,0.011275525108045048,0.011048925906148747,0.0108634597368189,0.01071653802963772,0.010606053922949558,0.010530335627527886,0.010488109203642753,0.010478469608556515,0.010500859123418395,0.010555052486454055,0.010641148251361152,0.010759566062876228,0.01091104970166621,0.011096675903505984,0.011317869108219891,0.011576422446995865,0.01187452543732257,0.012214799028027001,0.01187452543732257,0.011576422446995865,0.011317869108219891,0.011096675903505984,0.01091104970166621,0.010759566062876228,0.010641148251361152,0.010555052486454055,0.010500859123418395,0.010478469608556515,0.010488109203642753,0.010530335627527886,0.010606053922949558,0.01071653802963772,0.0108634597368189,0.011048925906148747,0.011275525108045048,0.011546385109917559,0.011865243005335436,0.012236530192473538,0.01266547491479259,0.013158225686799845,0.013721999666902632,0.014365260936511205,0.015097934733673523,0.015931665010412082,0.01688012428115265,0.017959386655874054,0.01918837725956944,0.020589413981551966,0.022188860716508108,0.024017914971810227,0.02611355689064438
47,0.029183955225816058,0.026666311343142044,0.024475309993543897,0.022564456819857477,0.020894610333355823,0.019432768615413945,0.018151060261454025,0.01702590655602221,0.016037326418897824,0.015168359951150267,0.014404590269959624,0.01373374669411769,0.013145375232111515,0.012630564767089219,0.012181719377409046,0.011792368931319394,0.011457011501317359,0.011170982305069231,0.010930344837024458,0.010731800643807759,0.01057261484747023,0.010450555059183355,0.010363841773192212,0.010311108704448447,0.010291371847966654,0.01030400630579824,0.01034873015881282,0.010425594863872284,0.010534981839906298,0.010677605075355466,0.010854519750296089,0.011067137024728562,0.011317245305221895,0.011607038470576697,0.011939151718784624,0.011607038470576697,0.011317245305221895,0.011067137024728562,0.010854519750296089,0.010677605075355466,0.010534981839906298,0.010425594863872284,0.01034873015881282,0.01030400630579824,0.010291371847966654,0.010311108704448447,0.010363841773192212,0.010450555059183355,0.01057261484747023,0.010731800643807759,0.010930344837024458,0.011170982305069231,0.011457011501317359,0.011792368931319394,0.012181719377409046,0.012630564767089219,0.013145375232111515,0.01373374669411769,0.014404590269959624,0.015168359951150267,0.016037326418897824,0.01702590655602221,0.018151060261454025,0.019432768615413945,0.020894610333355823,0.022564456819857477,0.024475309993543897,0.026666311343142044
48,0.02990744693760814,0.02727230087437502,0.024980960347703796,0.022984178790460507,0.021240517362675,0.01971505633414276,0.018378322416543462,0.017205397612130836,0.016175179690225864,0.015269768784249677,0.01447395860056263,0.013774814256902773,0.013161321808918462,0.012624097104695135,0.012155143774988227,0.01174765197359512,0.011395830980289002,0.011094770016635745,0.010840322646153058,0.010629010972236206,0.010457946542103667,0.010324765439687656,0.010227575527468348,0.010164914195504497,0.010135715310972333,0.010139284346406888,0.010175280910465231,0.010243708120633535,0.010344908450814148,0.010479565865098553,0.010648714218501927,0.01085375207178943,0.011096464236325434,0.011379050541661585,0.011704162509078372,0.011379050541661585,0.011096464236325434,0.01085375207178943,0.010648714218501927,0.010479565865098553,0.010344908450814148,0.010243708120633535,0.010175280910465231,0.010139284346406888,0.010135715310972333,0.010164914195504497,0.010227575527468348,0.010324765439687656,0.010457946542103667,0.010629010972236206,0.010840322646153058,0.011094770016635745,0.011395830980289002,0.01174765197359512,0.012155143774988227,0.012624097104695135,0.013161321808918462,0.013774814256902773,0.01447395860056263,0.015269768784249677,0.016175179690225864,0.017205397612130836,0.018378322416543462,0.01971505633414276,0.021240517362675,0.022984178790460507,0.024980960347703796,0.02727230087437502
49,0.0306954479293011,0.02793610217223451,0.025538827449245318,0.023451448874794088,0.02163008263186824,0.020037767843756774,0.0186433265235239,0.01742041579449504,0.016346741058860293,0.015403403237402991,0.01457435732789449,0.013845963206096509,0.013206612786207541,0.012646420382032786,0.012156965406469634,0.011731078465794147,0.011362663499261039,0.011046549933558709,0.010778369910696384,0.010554456546329567,0.010371759917111974,0.010227778088965475,0.010120501007129926,0.010048365493481672,0.010010219953541245,0.010005297698718236,0.010033198050319131,0.010093874620532699,0.01018763037047424,0.010315119233824999,0.010477354273300774,0.010675722512284883,0.010912006761380239,0.011188414945254849,0.011507617635054005,0.011188414945254849,0.010912006761380239,0.010675722512284883,0.010477354273300774,0.010315119233824999,0.01018763037047424,0.010093874620532699,0.010033198050319131,0.010005297698718236,0.010010219953541245,0.010048365493481672,0.010120501007129926,0.010227778088965475,0.010371759917111974,0.010554456546329567,0.010778369910696384,0.011046549933558709,0.011362663499261039,0.011731078465794147,0.012156965406469634,0.012646420382032786,0.013206612786207541,0.013845963206096509,0.01457435732789449,0.015403403237402991,0.016346741058860293,0.01742041579449504,0.0186433265235239,0.020037767843756774,0.02163008263186824,0.023451448874794088,0.025538827449245318,0.02793610217223451
50,0.03155367848543543,0.028662674330845878,0.02615320784342815,0.0239699851415089,0.022066517178474094,0.020403667760454592,0.018948442152858777,0.017672979172625936,0.01655371402011335,0.015570683578688084,0.014706950143118685,0.013948123357730727,0.013281963490294256,0.012698052038349502,0.012187518094289604,0.011742810931860921,0.011357510971980298,0.011026172690692842,0.010744194193261931,0.010507709136942388,0.01031349747645586,0.010158912160764571,0.010041819452827188,0.009960550996875716,0.009913866138110737,0.009900923322390287,0.009921259680920495,0.009974778147670798,0.010061741674269613,0.01018277430639119,0.01033886907421222,0.010531402833958262,0.010762158384158638,0.011033354375237458,0.01134768374092607,0.011033354375237458,0.010762158384158638,0.010531402833958262,0.01033886907421222,0.01018277430639119,0.010061741674269613,0.009974778147670798,0.009921259680920495,0.009900923322390287,0.009913866138110737,0.009960550996875716,0.010041819452827188,0.010158912160764571,0.01031349747645586,0.010507709136942388,0.010744194193261931,0.011026172690692842,0.011357510971980298,0.011742810931860921,0.012187518094289604,0.012698052038349502,0.013281963490294256,0.013948123357730727,0.014706950143118685,0.015570683578688084,0.01655371402011335,0.017672979172625936,0.018948442152858777,0.020403667760454592,0.022066517178474094,0.0239699851415089,0.02615320784342815,0.028662674330845878
51,0.03248835818644375,0.029457413224560126,0.026828782033659307,0.024543845336765645,0.02255333490458736,0.020815793248799945,0.01929628674332659,0.017965333887709753,0.016798014575181562,0.015773230684546828,0.014873092632979722,0.014082410480188897,0.013388271669413674,0.012779690509948332,0.012247317073137996,0.011783195332739681,0.011380562182239014,0.011033680457472644,0.01073770033065317,0.010488544464472794,0.010282813159661166,0.010117706428058733,0.009990960502861263,0.009900796780777469,0.009845881596306413,0.009825295571978155,0.00983851158347825,0.009885380636332342,0.009966125180898627,0.010081339603239434,0.01023199782856892,0.010419468168390494,0.010645535738821182,0.010912432982590948,0.01122287904763104,0.010912432982590948,0.010645535738821182,0.010419468168390494,0.01023199782856892,0.010081339603239434,0.009966125180898627,0.009885380636332342,0.00983851158347825,0.009825295571978155,0.009845881596306413,0.009900796780777469,0.009990960502861263,0.010117706428058733,0.010282813159661166,0.010488544464472794,0.01073770033065317,0.011033680457472644,0.011380562182239014,0.011783195332739681,0.012247317073137996,0.012779690509948332,0.013388271669413674,0.014082410480188897,0.014873092632979722,0.015773230684546828,0.016798014575181562,0.017965333887709753,0.01929628674332659,0.020815793248799945,0.02255333490458736,0.024543845336765645,0.026828782033659307,0.029457413224560126
52,0.033506272307371986,0.030326211022736353,0.02757066779782684,0.025177474640952144,0.023094395349150205,0.021277492314950564,0.019689759852055858,0.018299984729871214,0.017081798446586215,0.01601289015165585,0.015074353500578584,0.014250144797260597,0.013526633419566808,0.01289222869218707,0.012337070079477529,0.01185276985741041,0.011432199337171024,0.011069311304612545,0.010758992658748526,0.010496942323176904,0.010279570405815477,0.010103915328164563,0.0099675762639803,0.009868658742721866,0.009805731705518881,0.009777794667526221,0.009784253954543255,0.00982490725566472,0.00989993597778788,0.010009905111019407,0.010155770524455135,0.01033889381688163,0.010561065053772852,0.010824533937571264,0.011132050189899243,0.010824533937571264,0.010561065053772852,0.01033889381688163,0.010155770524455135,0.010009905111019407,0.00989993597778788,0.00982490725566472,0.009784253954543255,0.009777794667526221,0.009805731705518881,0.009868658742721866,0.0099675762639803,0.010103915328164563,0.010279570405815477,0.010496942323176904,0.010758992658748526,0.011069311304612545,0.011432199337171024,0.01185276985741041,0.012337070079477529,0.01289222869218707,0.013526633419566808,0.014250144797260597,0.015074353500578584,0.01601289015165585,0.017081798446586215,0.018299984729871214,0.019689759852055858,0.021277492314950564,0.023094395349150205,0.025177474640952144,0.02757066779782684,0.030326211022736353
53,0.034614844812264955,0.031275521561785403,0.028384478673838278,0.02587575796995027,0.02369395044919075,0.021792465603342484,0.020132080490985558,0.01867972845015214,0.017407490738068486,0.016291758620313332,0.015312537817931043,0.014452871392476098,0.013698360926598046,0.013036769174544003,0.012457690209468006,0.011952275512943032,0.011513006482342998,0.011133505524512219,0.010808379309152264,0.010533088918528194,0.010303842592150381,0.010117507561317848,0.009971538128910292,0.009863917700017414,0.009793112930256287,0.009758038548882563,0.009758031748138257,0.00979283532149389,0.009862588992510522,0.009967828612560426,0.010109493128187172,0.010288939435365995,0.010507965455900254,0.010768841998136684,0.01107435420778579,0.010768841998136684,0.010507965455900254,0.010288939435365995,0.010109493128187172,0.009967828612560426,0.009862588992510522,0.00979283532149389,0.009758031748138257,0.009758038548882563,0.009793112930256287,0.009863917700017414,0.009971538128910292,0.010117507561317848,0.010303842592150381,0.010533088918528194,0.010808379309152264,0.011133505524512219,0.011513006482342998,0.011952275512943032,0.012457690209468006,0.013036769174544003,0.013698360926598046,0.014452871392476098,0.015312537817931043,0.016291758620313332,0.017407490738068486,0.01867972845015214,0.020132080490985558,0.021792465603342484,0.02369395044919075,0.02587575796995027,0.028384478673838278,0.031275521561785403
54,0.03582221876636295,0.032312432366977444,0.029276388368107142,0.026644077531996057,0.024356695957544097,0.022364812321808324,0.02062682813394854,0.01910769035262858,0.017777818547465542,0.016612212782507914,0.015589712749197664,0.014692382919933241,0.013905002396174673,0.013214641586593108,0.012610310848666758,0.012082668781546214,0.011623780010105545,0.011226914099100246,0.010886378732377546,0.010597381532236785,0.01035591592065628,0.010158667274188118,0.01000293632961693,0.00988657738490516,0.009807949332210596,0.009765877975935323,0.009759628444945599,0.009788886817932142,0.009853750356073079,0.00995472598795016,0.010092736927200884,0.01026913753208677,0.010485736746059815,0.010744830697452641,0.011049245292757186,0.010744830697452641,0.010485736746059815,0.01026913753208677,0.010092736927200884,0.00995472598795016,0.009853750356073079,0.009788886817932142,0.009759628444945599,0.009765877975935323,0.009807949332210596,0.00988657738490516,0.01000293632961693,0.010158667274188118,0.01035591592065628,0.010597381532236785,0.010886378732377546,0.011226914099100246,0.011623780010105545,0.012082668781546214,0.012610310848666758,0.013214641586593108,0.013905002396174673,0.014692382919933241,0.015589712749197664,0.016612212782507914,0.017777818547465542,0.01910769035262858,0.02062682813394854,0.022364812321808324,0.024356695957544097,0.026644077531996057,0.029276388368107142,0.032312432366977444
55,0.03713734506373685,0.03344474419550138,0.03025320191872176,0.027488376425327154,0.025087828253246503,0.02299908098241139,0.021177988034248155,0.01958736476125063,0.018195847084131182,0.01697694158531857,0.01590823621611288,0.014970745055424669,0.014148364568747827,0.013427422415848229,0.012796302998615209,0.012245136633868598,0.011765541514401767,0.011350409531911729,0.010993728627560288,0.010690435657747252,0.010436294858064474,0.01022779789602222,0.01006208225638633,0.009936865330320576,0.009850392105072278,0.009801394794971479,0.009789063134179144,0.009813024381468746,0.009873332379859727,0.00997046528005054,0.010105331786081143,0.010279286023459037,0.010494151372656519,0.010752253862868977,0.011056465990857078,0.010752253862868977,0.010494151372656519,0.010279286023459037,0.010105331786081143,0.00997046528005054,0.009873332379859727,0.009813024381468746,0.009789063134179144,0.009801394794971479,0.009850392105072278,0.009936865330320576,0.01006208225638633,0.01022779789602222,0.010436294858064474,0.010690435657747252,0.010993728627560288,0.011350409531911729,0.011765541514401767,0.012245136633868598,0.012796302998615209,0.013427422415848229,0.014148364568747827,0.014970745055424669,0.01590823621611288,0.01697694158531857,0.018195847084131182,0.01958736476125063,0.021177988034248155,0.02299908098241139,0.025087828253246503,0.027488376425327154,0.03025320191872176,0.03344474419550138
56,0.03857008044158824,0.03468105905338674,0.03132243452786323,0.028415229142595828,0.02589310735720794,0.02370032571605502,0.02179000155717367,0.020122660014291166,0.018665019894749894,0.017388982187056062,0.016270789019011026,0.01529032515938027,0.014430538250914672,0.013676957690231074,0.013017295355508655,0.01244111421701747,0.01193955327437103,0.011505099291053261,0.011131397490013246,0.01081309478248332,0.010545710270749941,0.01032552873465103,0.010149513616156791,0.01001523668656995,0.009920822142170688,0.009864903348119635,0.009846590855364231,0.009865450666692444,0.00992149203927328,0.01001516439366248,0.0101473631637312,0.010319444677856135,0.010533250418086079,0.010791141269834631,0.011096042659120226,0.010791141269834631,0.010533250418086079,0.010319444677856135,0.0101473631637312,0.01001516439366248,0.00992149203927328,0.009865450666692444,0.009846590855364231,0.009864903348119635,0.009920822142170688,0.01001523668656995,0.010149513616156791,0.01032552873465103,0.010545710270749941,0.01081309478248332,0.011131397490013246,0.011505099291053261,0.01193955327437103,0.01244111421701747,0.013017295355508655,0.013676957690231074,0.014430538250914672,0.01529032515938027,0.016270789019011026,0.017388982187056062,0.018665019894749894,0.020122660014291166,0.02179000155717367,0.02370032571605502,0.02589310735720794,0.028415229142595828,0.03132243452786323,0.03468105905338674
57,0.040131295821317664,0.0360308777206094,0.03249239906506608,0.0294319199353784,0.026778927050303318,0.024474168998766425,0.022467822306085954,0.020717948707470877,0.019189203863656922,0.017851760280253603,0.01668041097852213,0.015653824670451937,0.014753927338266722,0.013965388958698682,0.013275197534813024,0.012672305573076015,0.012147336685788254,0.011692342146506015,0.011300599025490226,0.010966443032050664,0.010685130436987267,0.010452724482908637,0.010266002549716137,0.010122381058643496,0.010019855697938477,0.009956955059477569,0.009932706207742715,0.009946611077198082,0.009998632925406783,0.01008919236964686,0.010219172815410923,0.010389935356194282,0.010603343495068163,0.01086179831923301,0.011168285058780187,0.01086179831923301,0.010603343495068163,0.010389935356194282,0.010219172815410923,0.01008919236964686,0.009998632925406783,0.009946611077198082,0.009932706207742715,0.009956955059477569,0.010019855697938477,0.010122381058643496,0.010266002549716137,0.010452724482908637,0.010685130436987267,0.010966443032050664,0.011300599025490226,0.011692342146506015,0.012147336685788254,0.012672305573076015,0.013275197534813024,0.013965388958698682,0.014753927338266722,0.015653824670451937,0.01668041097852213,0.017851760280253603,0.019189203863656922,0.020717948707470877,0.022467822306085954,0.024474168998766425,0.026778927050303318,0.0294319199353784,0.03249239906506608,0.0360308777206094
58,0.04183299607641088,0.03750470789843393,0.03377230333276981,0.03054653008553016,0.02775239308370513,0.02532687171685804,0.023216978905108075,0.021378123985620723,0.01977273972676579,0.018369135462986214,0.017140541725177715,0.016064315806095856,0.015121281858357802,0.014295183053829489,0.01357222688337912,0.012940707789720257,0.012390694004025338,0.011913767729340118,0.011502809724247156,0.01115182093648517,0.010855775165050456,0.010610497833712483,0.010412566877120227,0.010259232506009679,0.01014835325898107,0.010078346289186788,0.010048150295709215,0.010057199909037789,0.010105410693036528,0.010193174245382552,0.010321363176481909,0.010491346034192627,0.01070501252860709,0.010964809707802274,0.01127379005219592,0.010964809707802274,0.01070501252860709,0.010491346034192627,0.010321363176481909,0.010193174245382552,0.010105410693036528,0.010057199909037789,0.010048150295709215,0.010078346289186788,0.01014835325898107,0.010259232506009679,0.010412566877120227,0.010610497833712483,0.010855775165050456,0.01115182093648517,0.011502809724247156,0.011913767729340118,0.012390694004025338,0.012940707789720257,0.01357222688337912,0.014295183053829489,0.015121281858357802,0.016064315806095856,0.017140541725177715,0.018369135462986214,0.01977273972676579,0.021378123985620723,0.023216978905108075,0.02532687171685804,0.02775239308370513,0.03054653008553016,0.03377230333276981,0.03750470789843393
59,0.04368845237223161,0.039114184166953,0.035172358275970844,0.03176803522838717,0.028821410571692928,0.026265411597026327,0.024043645396519115,0.022108662772764798,0.02042049892266661,0.018945452418829528,0.01765506683761892,0.016525283215022463,0.015535735626568153,0.014669166180572344,0.013910939377941904,0.01324863903946363,0.012671733815381543,0.012171299692438372,0.01173978993945218,0.011370844630084816,0.011059133297572271,0.010800225454893408,0.010590484694836706,0.01042698290252722,0.010307431798250208,0.01023012960658539,0.010193921140883477,0.010198170018728445,0.010242742100406434,0.010327999582680788,0.010454805496972561,0.01062453866594453,0.010839119476458648,0.011101047140698681,0.011413449451901713,0.011101047140698681,0.010839119476458648,0.01062453866594453,0.010454805496972561,0.010327999582680788,0.010242742100406434,0.010198170018728445,0.010193921140883477,0.01023012960658539,0.010307431798250208,0.01042698290252722,0.010590484694836706,0.010800225454893408,0.011059133297572271,0.011370844630084816,0.01173978993945218,0.012171299692438372,0.012671733815381543,0.01324863903946363,0.013910939377941904,0.014669166180572344,0.015535735626568153,0.016525283215022463,0.01765506683761892,0.018945452418829528,0.02042049892266661,0.022108662772764798,0.024043645396519115,0.026265411597026327,0.028821410571692928,0.03176803522838717,0.035172358275970844,0.039114184166953
60,0.04571234824471481,0.04087220100326047,0.03670389840509344,0.03310641397382938,0.029994781764254023,0.027297571135543302,0.024954720316831328,0.022915696932273126,0.021137947701081777,0.019585598756862953,0.01822837011567999,0.017040671306748648,0.01600084918324439,0.0150905629467632,0.014294265176690047,0.013598771028883046,0.012992900716103784,0.012467182913034468,0.01201360887401005,0.01162542885520249,0.011296983941229886,0.01102356763376561,0.010801312607652621,0.010627098914625167,0.010498480647607602,0.010413628696881623,0.010371287756462328,0.010370746194756404,0.010411817805212638,0.010494834815303253,0.01062065186924651,0.010790661023753445,0.01100681811843283,0.01127168121479867,0.011588462151741296,0.01127168121479867,0.01100681811843283,0.010790661023753445,0.01062065186924651,0.010494834815303253,0.010411817805212638,0.010370746194756404,0.010371287756462328,0.010413628696881623,0.010498480647607602,0.010627098914625167,0.010801312607652621,0.01102356763376561,0.011296983941229886,0.01162542885520249,0.01201360887401005,0.012467182913034468,0.012992900716103784,0.013598771028883046,0.014294265176690047,0.0150905629467632,0.01600084918324439,0.017040671306748648,0.01822837011567999,0.019585598756862953,0.021137947701081777,0.022915696932273126,0.024954720316831328,0.027297571135543302,0.029994781764254023,0.03310641397382938,0.03670389840509344,0.04087220100326047
61,0.04792094057250285,0.04279306015392774,0.03837951578017195,0.03457276917161855,0.03128231550860364,0.028432036277095545,0.025957915632028535,0.023806093462491084,0.021931219518240824,0.02029507046726167,0.018865392873240735,0.017614938076660064,0.01652065876854003,0.015563041034388393,0.014725549469839616,0.013994166454879647,0.013357009751156642,0.012804015247733955,0.012326673948399812,0.011917814207608063,0.011571421827227117,0.01128249196744636,0.011046907944427885,0.010861342922317678,0.010723181291172485,0.010630457183865693,0.010581808148773195,0.010576442482201014,0.010614119153449068,0.010695139642188654,0.010820351366819208,0.010991162726837726,0.011209570124452102,0.011478197682901276,0.011800350753603715,0.011478197682901276,0.011209570124452102,0.010991162726837726,0.010820351366819208,0.010695139642188654,0.010614119153449068,0.010576442482201014,0.010581808148773195,0.010630457183865693,0.010723181291172485,0.010861342922317678,0.011046907944427885,0.01128249196744636,0.011571421827227117,0.011917814207608063,0.012326673948399812,0.012804015247733955,0.013357009751156642,0.013994166454879647,0.014725549469839616,0.015563041034388393,0.01652065876854003,0.017614938076660064,0.018865392873240735,0.02029507046726167,0.021931219518240824,0.023806093462491084,0.025957915632028535,0.028432036277095545,0.03128231550860364,0.03457276917161855,0.03837951578017195,0.04279306015392774
62,0.05033223653540542,0.04489263366871078,0.04021320896762114,0.03617946326225291,0.03269494982217221,0.029678507216754316,0.027061856838736156,0.024787544958890566,0.02280719687119844,0.021080046065877628,0.019571701248273805,0.018253116351987075,0.017099732192955543,0.016090762307055008,0.015208599366989026,0.014438322152757135,0.01376728624897323,0.013184784431858032,0.012681765100848532,0.012250599137819812,0.011884887283404613,0.011579301549314056,0.011329455380583733,0.011131798281247525,0.010983531455632725,0.01088254172542698,0.010827351585938717,0.010817083786067104,0.010851439274932519,0.01093068777102699,0.011055670592441757,0.011227815753259061,0.011449165694836637,0.011722418394446535,0.01205098299072636,0.011722418394446535,0.011449165694836637,0.011227815753259061,0.011055670592441757,0.01093068777102699,0.010851439274932519,0.010817083786067104,0.010827351585938717,0.01088254172542698,0.010983531455632725,0.011131798281247525,0.011329455380583733,0.011579301549314056,0.011884887283404613,0.012250599137819812,0.012681765100848532,0.013184784431858032,0.01376728624897323,0.014438322152757135,0.015208599366989026,0.016090762307055008,0.017099732192955543,0.018253116351987075,0.019571701248273805,0.021080046065877628,0.02280719687119844,0.024787544958890566,0.027061856838736156,0.029678507216754316,0.03269494982217221,0.03617946326225291,0.04021320896762114,0.04489263366871078
63,0.05296618752149706,0.04718854387118243,0.04222054841787088,0.037940269236619355,0.034244889109840304,0.031047822825043838,0.028276195672531135,0.025868671710591873,0.02377360385866704,0.021947470633231478,0.020353562654727507,0.018960883505901624,0.017743232577808105,0.01667844125993008,0.01574773766473515,0.014935218721955407,0.014227411785336985,0.01361291080826799,0.013082074661416808,0.012626777310524147,0.012240201384488307,0.011916668186112988,0.011651498473223155,0.0114408994062422,0.011281873955650732,0.011172149820601576,0.01111012555583905,0.011094832161795324,0.011125908883067815,0.011203592401659534,0.011328719019727063,0.011502739817099457,0.011727749155655009,0.012006527299604308,0.012342598341804676,0.012006527299604308,0.011727749155655009,0.011502739817099457,0.011328719019727063,0.011203592401659534,0.011125908883067815,0.011094832161795324,0.01111012555583905,0.011172149820601576,0.011281873955650732,0.0114408994062422,0.011651498473223155,0.011916668186112988,0.012240201384488307,0.012626777310524147,0.013082074661416808,0.01361291080826799,0.014227411785336985,0.014935218721955407,0.01574773766473515,0.01667844125993008,0.017743232577808105,0.018960883505901624,0.020353562654727507,0.021947470633231478,0.02377360385866704,0.025868671710591873,0.028276195672531135,0.031047822825043838,0.034244889109840304,0.037940269236619355,0.04222054841787088,0.04718854387118243
64,0.0558449007202336,0.049700361447000414,0.04441885970879272,0.0398705387868623,0.03594575765827117,0.0325521003214764,0.029611737004331864,0.02705913694554669,0.024839110903943216,0.022905151099595577,0.021218032643347328,0.01974464082444215,0.018456991071867976,0.01733141184480308,0.016347864458970744,0.015489377531096875,0.014741577120681698,0.014092296677785138,0.013531253544874805,0.01304978102437535,0.01264060694454523,0.012297671275648762,0.012015976708552261,0.011791467249427716,0.011620930844252492,0.011501922858208256,0.011432707926820595,0.011412218292943954,0.011440027268510237,0.011516336931740718,0.011641979606677538,0.011818433088384114,0.01204784998908325,0.01233310200255904,0.012677840331210052,0.01233310200255904,0.01204784998908325,0.011818433088384114,0.011641979606677538,0.011516336931740718,0.011440027268510237,0.011412218292943954,0.011432707926820595,0.011501922858208256,0.011620930844252492,0.011791467249427716,0.012015976708552261,0.012297671275648762,0.01264060694454523,0.01304978102437535,0.013531253544874805,0.014092296677785138,0.014741577120681698,0.015489377531096875,0.016347864458970744,0.01733141184480308,0.018456991071867976,0.01974464082444215,0.021218032643347328,0.022905151099595577,0.024839110903943216,0.02705913694554669,0.029611737004331864,0.0325521003214764,0.03594575765827117,0.0398705387868623,0.04441885970879272,0.049700361447000414
65,0.05899286878683177,0.0524498226464372,0.04682742603706885,0.04198738925314313,0.03781277112010872,0.034204891939383905,0.0310805816462858,0.028369776891936774,0.026013453234499256,0.02396186428780722,0.02217305359637787,0.020611603864806635,0.01924758979915993,0.018055703846134412,0.017014527703844158,0.016105926136087488,0.015314543082044255,0.014627383185563765,0.014033464625273245,0.013523531508793398,0.01308981612686544,0.012725843083498764,0.012426268767588082,0.012186750850557216,0.012003843521444638,0.011874915039658313,0.011798084926701796,0.011772178758086753,0.011796699078736855,0.011871811470101114,0.011998345263455619,0.012177808838517466,0.012412419885578048,0.0127051514585636,0.013059795121539215,0.0127051514585636,0.012412419885578048,0.012177808838517466,0.011998345263455619,0.011871811470101114,0.011796699078736855,0.011772178758086753,0.011798084926701796,0.011874915039658313,0.012003843521444638,0.012186750850557216,0.012426268767588082,0.012725843083498764,0.01308981612686544,0.013523531508793398,0.014033464625273245,0.014627383185563765,0.015314543082044255,0.016105926136087488,0.017014527703844158,0.018055703846134412,0.01924758979915993,0.020611603864806635,0.02217305359637787,0.02396186428780722,0.026013453234499256,0.028369776891936774,0.0310805816462858,0.034204891939383905,0.03781277112010872,0.04198738925314313,0.04682742603706885,0.0524498226464372
66,0.062437217442190066,0.05546106629168888,0.04946771119218426,0.04430991093736095,0.03986292774668454,0.036021360424444045,0.03269628692295327,0.02981274747892789,0.027307564880009173,0.02512747939764341,0.02322756685381491,0.02156990531392281,0.020122456459161282,0.01885813014506152,0.01775400397489865,0.01679067329490189,0.015951710505312477,0.015223215797038048,0.014593444289670063,0.014052497044712436,0.013592065573113684,0.013205221280605809,0.012886242836903998,0.012630475755812096,0.012434219571225782,0.012294638924229962,0.012209695670557798,0.012178099803559517,0.012199277590199285,0.012273355858369004,0.012401161872696269,0.012584238711168637,0.012824876523408356,0.01312616052999903,0.01349203712764718,0.01312616052999903,0.012824876523408356,0.012584238711168637,0.012401161872696269,0.012273355858369004,0.012199277590199285,0.012178099803559517,0.012209695670557798,0.012294638924229962,0.012434219571225782,0.012630475755812096,0.012886242836903998,0.013205221280605809,0.013592065573113684,0.014052497044712436,0.014593444289670063,0.015223215797038048,0.015951710505312477,0.01679067329490189,0.01775400397489865,0.01885813014506152,0.020122456459161282,0.02156990531392281,0.02322756685381491,0.02512747939764341,0.027307564880009173,0.02981274747892789,0.03269628692295327,0.036021360424444045,0.03986292774668454,0.04430991093736095,0.04946771119218426,0.05546106629168888
67,0.06620797013068866,0.05876089080915103,0.05236360398233649,0.04685939624001083,0.0421152211206256,0.03801847527700678,0.03447404698184163,0.03140168965087607,0.028733730121391573,0.026413096797182824,0.024391640054989207,0.022628712042597872,0.021089972184556653,0.019746386388092195,0.01857339086855564,0.017550194931789956,0.016659200516913296,0.015885519575135194,0.015216573321440042,0.014641760004527058,0.014152180097707077,0.013740409744065055,0.013400314928474742,0.01312690023603454,0.012916187229767699,0.012765118476122196,0.012671484097699111,0.012633868468004522,0.012651615308882687,0.012724810030855665,0.012854278690833748,0.01304160344986279,0.013289154913971191,0.013600142251517313,0.013978682518510364,0.013600142251517313,0.013289154913971191,0.01304160344986279,0.012854278690833748,0.012724810030855665,0.012651615308882687,0.012633868468004522,0.012671484097699111,0.012765118476122196,0.012916187229767699,0.01312690023603454,0.013400314928474742,0.013740409744065055,0.014152180097707077,0.014641760004527058,0.015216573321440042,0.015885519575135194,0.016659200516913296,0.017550194931789956,0.01857339086855564,0.019746386388092195,0.021089972184556653,0.022628712042597872,0.024391640054989207,0.026413096797182824,0.028733730121391573,0.03140168965087607,0.03447404698184163,0.03801847527700678,0.0421152211206256,0.04685939624001083,0.05236360398233649,0.05876089080915103
